{
  "index": "/index.html",
  "assetGroups": [
    {
      "name": "app",
      "installMode": "prefetch",
      "updateMode": "prefetch",
      "resources": {
        "files": ["/favicon.ico", "/index.html"],
        "versionedFiles": ["/*.bundle.css", "/*.bundle.js", "/*.chunk.js"]
      }
    },
    {
      "name": "assets",
      "installMode": "prefetch",
      "updateMode": "prefetch",
      "resources": {
        "files": ["/assets/**"]
      }
    },
    {
      "name": "static-assets",
      "installMode": "lazy",
      "updateMode": "prefetch",
      "resources": {
        "urls": [
          "https://fonts.googleapis.com/icon?family=Material+Icons",
          "https://fonts.googleapis.com/css?family=Roboto|Roboto+Mono"
        ]
      }
    }
  ]
}
