{
  "kind":"Template",
  "apiVersion":"v1",
  "metadata":{
    "name":"eepsuitemplate",
    "annotations":{
      "description":"EEPS Chatbot App"
    }
  },
    "objects": [
      {
          "apiVersion": "v1",
          "kind": "DeploymentConfig",
          "metadata": {
              "name": "eepschatbot-ui"
          },
          "spec": {
              "replicas": 1,
              "selector": {
                  "app": "eepschatbot-ui",
                  "deploymentconfig": "eepschatbot-ui"
              },
              "strategy": {
                  "type": "Rolling"
              },
              "template": {
                  "metadata": {
                      "labels": {
                          "app": "eepschatbot-ui",
                          "deploymentconfig": "eepschatbot-ui"
                      }
                  },
                  "spec": {
                      "containers": [
                          {
                              "image": "docker.repo1.uhc.com/spalempa/eepschat-ui:cde",
                              "imagePullPolicy": "Always",
                              "name": "eepschatbot-ui",
                              "ports": [
                                  {
                                      "containerPort": 8080,
                                      "protocol": "TCP"
                                  }
                              ],
                              "resources": {}
                          }
                      ]
                  }
              },
              "triggers": [
                  {
                      "type": "ConfigChange"
                  }
              ]
          }
      },
      {
        "apiVersion": "v1",
        "kind": "Service",
        "metadata": {
            "name": "eepschatbot-ui"
        },
        "spec": {
            "ports": [
                {
                    "name": "8080-tcp",
                    "port": 8080,
                    "protocol": "TCP",
                    "targetPort": 8080
                },
                {
                    "name": "80-tcp",
                    "port": 80,
                    "protocol": "TCP",
                    "targetPort": 80
                }
            ],
            "selector": {
                "app": "eepschatbot-ui",
                "deploymentconfig": "eepschatbot-ui"
            }
        },
        "status": {
            "loadBalancer": {}
        }
      },
      {
        "apiVersion": "v1",
        "kind": "Route",
        "metadata": {
            "name": "eepschatbot-ui"
        },
        "spec": {
            "port": {
                "targetPort": "8080-tcp"
            },
            "tls": {
                "termination": "edge"
            },
            "to": {
                "kind": "Service",
                "name": "eepschatbot-ui",
                "weight": 100
            },
            "wildcardPolicy": "None"
        }
      }
    ],
    "parameters": [
        {
            "name": "env",
            "value": "prod"
        }
    ]
}
